x	y
-0.0932601576980061	0.464454564485115
-0.027180862420638	0.104682288454279
0.107969429125461	0.578150566839348
0.161779639981108	0.998624330548283
0.107028717678014	0.573037036189614
0.0703295599348122	0.329438377785278
-0.0124355627685821	0.0460487615973929
0.00357744518338474	0.0124876452597357
-0.038418946859844	0.160869257378121
-0.0451876729521807	0.189010793899382
0.0296830047238758	0.120639007955748
-0.00166319795346205	0.00595552384906093
-0.135811786528177	0.773111084096697
-0.0785011723184358	0.357410451947928
-0.00521609579660929	0.0190534747694224
-0.113872030964523	0.59530390752998
-0.0847017505354485	0.419618551767287
0.0960198937643585	0.497098758642109
-0.0446429605948213	0.191415939635964
0.132223805505007	0.75310867096011
0.0894445640366601	0.425373540330665
0.121958409155783	0.677476177321418
0.012294263913544	0.0448308124540546
0.0994839707974175	0.518005104667226
0.106034912229579	0.571873539563619
-0.0814774072582488	0.402835848948027
0.0651399270530293	0.303669915502647
-0.0588705007235492	0.260591463192105
0.0288300888560525	0.111384166843185
-0.00979005037153384	0.0364139256109104
0.021428840848437	0.0824656956128827
0.0371215597180561	0.15537487697004
-0.0395700508834292	0.167293384852528
-0.0298804551167571	0.118547094242171
0.000991004700922702	0.00354424373835024
0.143037336499857	0.859842335449083
0.0357454620275998	0.149359498605023
-0.0534495584563654	0.238876590442655
0.0663146373428062	0.310935511800401
-0.0148070907448208	0.0568643010131134
-0.0252786080202471	0.101052693133093
-0.0523845726998889	0.233123500377142
0.108355202688163	0.584132950402641
-0.0772924107559658	0.373425199437246
-0.100420048997324	0.526042909224955
-0.069592175339626	0.324750801125145
-0.014997977525836	0.0575270030754151
-0.00850525837600914	0.0313857882279481
0.0222700216202095	0.087791543664244
-0.0408774225733788	0.171885505949537
-0.050043857346425	0.215438714117053
0.0938623231025841	0.485637966801002
-0.0999487932130992	0.526684881475575
0.0211565900236036	0.0834591354251352
-0.0405969281766059	0.172070020342796
-0.17624450007362	1.17007504633341
-0.0143398135628834	0.0550001156381346
-0.156386298060379	0.98563886520864
0.0334865653485127	0.13877742916306
0.0734112185499171	0.343409191605336
0.0720953383928129	0.337483135505108
0.0578692041394711	0.26307992623795
0.0175789017148471	0.0683430241527759
0.00481864526361282	0.0177694473946611
-0.0785434916576745	0.357388663200198
0.0135733504720266	0.051460963976672
0.0451543499505949	0.191493518382676
0.0192464904707251	0.074157489501125
0.0193741257299588	0.0747649958859207
-0.163172780445452	1.03571273037073
-0.189487104366153	1.29244949845337
0.0711298023938911	0.338493913684049
0.118329566869159	0.664451666551774
0.00606555148958093	0.0222844949268926
-0.0612711222841354	0.281879425638883
0.10905668474387	0.593848454719205
0.133320818164245	0.745099679556562
0.149698721603124	0.919547142295211
0.145604008881198	0.855762961182571
0.111606849108454	0.613995892771591
-0.0118221027071299	0.043291699234266
0.0109647844592818	0.0396616174915163
0.0353312618067937	0.143264877363968
0.0571648519309798	0.245811888893018
-0.0752518379513779	0.354306043609411
0.0464582122834166	0.200517794451471
-0.0825105103513263	0.395025703630405
-0.0498193980365864	0.215205101792279
0.123620899406294	0.704737434256148
-0.0168146615327346	0.0636564491063525
0.10928615136238	0.595826531477704
0.0949515209837024	0.489501357286482
-0.0250030681290054	0.100121110961057
0.115387321886004	0.642025374850848
0.127124880308723	0.696940181886469
0.0153973721407163	0.0569322762553481
-0.0763673264781879	0.363968789240544
0.107906440475752	0.552745383899926
0.164452838845337	1.03872243213933
0.0810001740055375	0.392688962502394
-0.0247676180434798	0.09722535934466
0.0607869030837723	0.275226267857039
0.00482012889389705	0.0177949740592737
0.13292679224496	0.778322652665308
-0.0365715520108418	0.153277140463694
-0.00642416543915149	0.0236414047151315
0.0378542747107029	0.156167417588191
0.156863942951494	0.993879466145702
0.0736600601588729	0.352363765353916
0.0421619746584445	0.1782571064436
-0.0242195110581647	0.0964045122986945
-0.0378127142699712	0.157313544080165
0.013881475204623	0.0527325945554888
-0.0388062551655911	0.158604521911735
0.0128514043465167	0.0479653414465059
0.0842837219600572	0.411409518199143
0.0573966153759475	0.258914361978321
0.0610216600049978	0.28099937832179
-0.00802049786530221	0.0298796461204738
0.133134418178479	0.785635091292784
0.0437140802913898	0.187388060455526
0.130921339168539	0.743986916515668
0.0731405885883858	0.352101859526298
-0.069737592772274	0.328050736871416
0.115298225309232	0.639846514358466
-0.0201542432020636	0.0791285415630208
0.0336940073322557	0.139722741926804
-0.118890012202121	0.665124721533132
-0.00954822900219038	0.0354650091244774
0.0166706839097207	0.0635108879886914
-0.0816069969215368	0.394592591050178
-0.123482989800128	0.700854566226426
-0.0328995014278786	0.13568027041477
-0.056869813275199	0.257427056229794
-0.068100826316225	0.320663675910117
-0.169921358329105	1.08149331267205
0.0283721321907857	0.113038809848091
-0.00473612640958308	0.0173364614177501
0.0682441586099948	0.322262386071184
0.0266894209765876	0.104647360790873
-0.0325293478602527	0.130071631517731
-0.0251123978557372	0.0982214382123469
0.0301967305126011	0.119794385954589
-0.0513793950236994	0.219580160760752
0.0296530860659615	0.117455418278974
-0.0537770452924586	0.230465864953239
0.107879001052551	0.578912994388058
-0.133554287919325	0.756228349097324
-0.0641423913378986	0.291867262288587
-0.121215635507936	0.667914224872349
-0.00340850399410975	0.0120141288643415
-0.0026579563459243	0.00965809858593572
-0.0749437610008426	0.358011159075212
-0.0601751796014244	0.272009629732925
0.0182004353744412	0.0690579928441964
0.0499454957431698	0.218040021919915
0.0156251325115403	0.0603327198850565
0.017800131017343	0.0684535183043769
-0.166226909848323	1.02441469646512
-0.216755743092752	1.60072213417272
-0.0372699390468197	0.156578311374074
-0.137853279684936	0.813653238721038
0.00221582120828696	0.00808494041990905
0.114925083107363	0.633822983896241
0.0047662163668548	0.0175561818574335
-0.102843799937289	0.544851456761741
0.00540022097413158	0.019480784260858
-0.0232949944570861	0.0923982036935076
0.0254798226767058	0.101515275855297
0.0909969222037739	0.465437136899356
-0.0560735454641719	0.25088158497746
-0.080074862699624	0.387380050706204
0.150466311061601	0.937920614252012
0.0154612055095389	0.0594881258228357
-0.086719265186657	0.436767547685598
0.00504467043229076	0.0186296149586719
-0.0533313493557993	0.235154007921028
0.117202508093675	0.645182176721836
0.0261495428041138	0.0999800696216554
0.0773117157737615	0.375079581572964
-0.108153934470818	0.579819621571849
0.0289380457970744	0.113903931295538
-0.0427482813410895	0.179116122578506
-0.0726506838552149	0.3384260202918
0.0250733732439559	0.0991566162872946
-0.138481745909273	0.822299614247014
-0.0408851781630382	0.170355322274146
-0.0858062557313809	0.416010031643336
0.0699133293223122	0.331278385960229
-0.0337612333741699	0.135907047008997
-0.0705098733602913	0.3353498362863
0.0868859408495216	0.437913816665618
0.00540518169339275	0.0196809964606561
0.00635681439050917	0.0234715311548279
0.00997786105924014	0.0375685609540083
-0.0172860502195595	0.0660634991304951
0.0234370847442232	0.081543179294372
-0.0564594735458758	0.255156437269108
0.116784792484986	0.647969042292003
0.0379526625109369	0.152276436417151
-0.0123539431385269	0.0464438145136229
-0.0249199579986359	0.0995688934470943
0.139593105927277	0.841019426941586
0.055094094281723	0.245268614453667
-0.0363940747397995	0.152072500382182
0.0513269407769999	0.227503120122596
0.0908528235913312	0.446499162138536
0.0722166245558091	0.2836322551929
0.017886516232835	0.0693901434567967
0.0409939918046697	0.175054022707604
-0.0940338280987678	0.413706206850932
0.0411062171157222	0.172189477454012
0.00256101728245916	0.0093719606934586
0.0363127393827758	0.152224567882694
0.0260055144613378	0.103240626382118
-0.0603539289253846	0.273993825857881
0.0397728465876381	0.168851989975632
0.00626228659625967	0.0229732035364643
0.0182032844800366	0.0636149579216176
0.0477156015347746	0.20752000162165
-0.0229760168524287	0.0911981849705786
-0.0118421223760169	0.0413562373153766
-0.0717287422439712	0.331781724588151
0.0318256409941087	0.131033039630801
-0.036709313881292	0.153890223527761
-0.0868142927023917	0.431093321336163
0.081674831471332	0.400206811829338
-0.0510104277348121	0.225451166845658
-0.0852194872871808	0.423564353843398
-0.034891691856906	0.131591479353667
0.108317804121975	0.589424288538952
-0.0514424508793137	0.226682234378191
-0.0891140341407948	0.439024452225345
0.0165924117666374	0.0642596904535545
0.127135133916237	0.705809009699617
0.0454971977520203	0.195505262971883
0.180986832314547	1.23498179350688
-0.0467738253328741	0.203867907254446
-0.0283471852099142	0.115013948581016
0.0110815762425784	0.0415202185249978
-0.103798751751932	0.502479003919491
-0.0330292197519307	0.13642864471328
0.0675631509831951	0.318575522733818
-0.0385900687152801	0.153529997466702
-0.0450654076502926	0.188290382027792
0.0332280057985213	0.135289335967898
-0.183088912316035	1.24435335058904
0.099516778913945	0.509533431144145
0.0819940345193746	0.405362763088098
0.0537113351408379	0.237620501585383
0.0449693642192458	0.192735253361938
-0.0326687546536398	0.134808220079283
-0.0237296997679532	0.0929470939412589
-0.0167115252494277	0.0644420401857562
0.0187904502389037	0.0734829842033075
-0.117434357625631	0.653119587900395
0.0824958573181673	0.410724137652371
-0.00460460530032187	0.0169344282610934
0.148184520959712	0.906356092502245
-0.0908639267891186	0.456621747957545
0.054753505945656	0.245905744896391
-0.0105037314167683	0.039505218497079
0.10358892979471	0.545671763982821
0.00642408395579035	0.0238407767883779
0.0937523609572781	0.484385241953241
0.0719939834929276	0.343716696000629
-0.0400284131751041	0.167966797612961
-0.0176066122473254	0.0684053034708292
0.0266965631017554	0.0992539195335229
-0.137171787004224	0.624207277715639
-0.0739616275007779	0.333682019088576
-0.0275961488732212	0.103899754428665
-0.146232113297442	0.863794834555564
-0.0293148484294676	0.10265367816323
-0.0554752758703328	0.244764158204169
0.0196574750748927	0.0771344319952179
-0.0390893431642504	0.160813584715282
-0.0722373754661461	0.341702254176339
0.0298807367718973	0.119612544671748
0.0709939486554115	0.337637900973155
0.101647625434093	0.537931190584231
-0.12635170562709	0.717737352685329
0.0217893847156823	0.0860392135553579
-0.0291888148807053	0.116710083220733
0.104653596521196	0.557186347773414
0.0774104766990584	0.367710555057624
-0.0128557872577528	0.0488318330960396
-0.0203907375647045	0.0799560771210414
-0.155394620447034	0.973598799396737
-0.0117262765829315	0.0438278291800581
0.152640986218261	0.895419069214582
-0.116562284616532	0.649084500219004
0.00343189242362424	0.0125906015247825
-0.138218873415657	0.804201367228941
-0.0344371074497831	0.138033036216213
-0.033187089775036	0.136746916235375
-0.0520368597829472	0.22560296418817
-0.0583316234719912	0.25517585721251
0.065810366133041	0.301170994600793
0.169592768414089	1.10041072169373
0.0813376725775961	0.402715151076981
0.0041809343224677	0.0154050542990604
0.168654487004676	1.09756424186657
0.0627559771013984	0.29093228997819
-0.044899638367309	0.194213923909903
-0.114179274221543	0.624577669189736
-0.0377806280380487	0.157201545549187
-0.0666853759959016	0.306007655468144
-0.0705582013236896	0.335466238507965
0.134035430049654	0.77427012664175
-0.159098431954393	0.988492151701355
-0.0616048477653493	0.273536121490699
0.0229164646970679	0.0899214845990295
-0.0144236781713337	0.0553149874024807
0.0831765026942736	0.412255552693724
-0.0524049744617365	0.229326928808182
0.0520500632837113	0.22139899564947
0.147048225677077	0.903830395718581
0.0670056547247364	0.315061893355667
0.0890666449927549	0.437755779935985
-0.130886350078555	0.716100440901771
0.0217772170942612	0.0845620565736645
0.02289200484718	0.0880292186851799
0.071967567765363	0.328901513879787
0.0367971342041621	0.147004299484858
-0.104084099074571	0.544452395485337
0.0865486837159949	0.430979223026379
-0.0178808293879959	0.0682031734317933
-0.0497860391193256	0.214897165065013
0.0273105840258163	0.109960594232879
0.12564266214448	0.708711850267665
-0.101007655539474	0.534166613806456
-0.0386141877032817	0.162095232504767
0.0670918232714128	0.312693467593654
-0.0991044496394426	0.520836576506503
-0.0343509774044953	0.130099399000213
-0.0844317295402163	0.413546934681037
0.0078421559738497	0.0267630513520385
0.0890503151134376	0.416468722906216
0.0297855951344958	0.121201977165038
-0.0139585033230841	0.0534822053257464
0.105733761392875	0.570360713227159
0.0655919226050007	0.294688465770625
-0.136856934947799	0.809340968786021
0.0577368376904524	0.255709162541255
-0.0442409285479018	0.186124529896943
-0.0981597942317132	0.474784593283068
0.103472806384237	0.5298699891038
-0.0611706624351029	0.27303822281985
-0.0306503085048009	0.119197071443621
0.0300319245067482	0.1162004911572
-0.011958055946989	0.043678112985864
-0.0357266004745145	0.148568357690351
-0.0447375715172889	0.191404930739031
-0.0373861258759834	0.154500916625062
0.0455766017480052	0.197546281473737
-0.0857804894483999	0.42230423999413
-0.0312223706859979	0.128054078539809
0.0730069750835628	0.3493699250781
0.0379024862289917	0.158691662936546
0.00189569366493273	0.00686429079936847
-0.0544679880928229	0.240446525949416
0.01707705710685	0.0663144886751957
-0.0524850303353203	0.233297068859197
0.0253579780614	0.100162839279043
0.0531979767201004	0.235983469811621
0.00693693613143372	0.025707437543272
0.0210170741952347	0.0821071372480342
-0.0805380180112954	0.383050985854524
-0.0384730487544584	0.155289916817751
0.0151960269280671	0.0583773002685375
0.0873959333235829	0.437889499856568
-0.00481211983598586	0.0176823851359648
-0.0135795575595984	0.0516449114222739
-0.0377756107874485	0.154927562751503
0.0845321782105973	0.419293756350326
-0.0295645111222249	0.11955053409847
0.0714230426456636	0.32782149714515
0.0923050319449767	0.472609753902531
0.132210433798877	0.75741715613659
0.0132652098006638	0.0503288882015472
0.00867568842288642	0.032433196140099
-0.0539142490540091	0.241148735098768
0.0723722108668849	0.346859056831333
-0.00244027458765547	0.00886416709508968
0.0344341617260278	0.141115382288626
-0.0217030366416809	0.082963563878249
0.0970078405540906	0.494152061899398
-0.0335880204082022	0.139023251922415
-0.0959004943422116	0.47685816809638
0.0461423341308211	0.185385898532441
-0.159302608135721	0.941116093992118
-0.0580557722352864	0.262459687825325
-0.0644971461045603	0.265976829553589
-0.0566673923347082	0.256205049638851
-0.111085712527522	0.606517937193387
0.0133917119772747	0.0509939220936915
0.119400372433546	0.618352678750048
0.0215169426533597	0.0837198626443185
-0.100450682896541	0.507335060031078
-0.062324880468563	0.287865072683542
-0.0567830912179981	0.249684144748855
-0.0543183865196313	0.243230308112312
-0.0817907146503319	0.390859717308272
0.160668044613343	0.99117502112815
0.0952454127305539	0.491811741580375
-0.0829542862217571	0.367776721248563
0.0543743010071705	0.230314655216722
0.0623841313085197	0.288323993071579
0.097420820330151	0.509413301218045
-0.115729898893937	0.631110401604435
0.0206863323157214	0.0768263533909898
-0.0746722711031257	0.360728016085801
0.12157929389762	0.689735516154831
-0.0600188556500285	0.259544465025526
-0.0551617604152344	0.246508339528081
0.045317516820829	0.193136773551653
0.00885272575048616	0.0323172098761003
-0.00808767105641191	0.0296148286932271
-0.072808844510566	0.333902521832034
-0.0721585640521304	0.342521963794025
0.0347898447365714	0.14241188826055
-0.00669972754249897	0.0247645726910559
-0.195608804005513	1.23843649751781
-0.107875571548533	0.569437604506353
0.0374124052595551	0.157476493250273
0.0212428702562919	0.0836582363921417
0.0216186344655293	0.0842621679490193
-0.0542586928317082	0.226972600108819
0.033342630153212	0.137894231293923
0.138641092399535	0.832951040437726
-0.0539453190116356	0.226758433203561
0.0112445906497977	0.0416512320494987
0.0286838951183902	0.112499492018472
0.00535792000393757	0.0191797091907162
-0.00614885808762017	0.0223834716511366
0.0488880019584487	0.206023726626798
0.0303432352589387	0.123300594772473
0.230688417577295	1.50299144178943
0.0071346039117668	0.0261794096661079
0.225837272165197	1.33995994922735
-0.0331816777995392	0.116278269553684
0.000490952071506195	0.00175911455041629
-0.0898174668739053	0.453012040203644
-0.00611684800907999	0.0226979631210909
-0.0132330305815655	0.0481958099893206
0.0367438744941735	0.153537505314686
-0.0974410591745041	0.481948660696043
-0.00572309893426498	0.0205825158724419
0.0862524047907997	0.432497567655408
0.129615321246546	0.738566974742629
0.0531951986859125	0.231158600042053
-0.0231484921060453	0.0915407104085878
0.080259981264764	0.378018151277876
-0.00260987302929725	0.0094158318982874
-0.0747279255251458	0.297096111110716
0.11792839666572	0.636596018249054
0.285646861808291	1.8375747285563
0.118045039953135	0.525135248361681
-0.0468577658133228	0.196383302883448
0.101507584906826	0.533708767783745
-0.0685289490857406	0.323262213943887
-0.136149587767319	0.766478650517159
0.121394931534906	0.678805853966428
-0.00200578626782002	0.00697330183828028
0.0564933697141881	0.249353406089968
-0.00469525150298679	0.0172846560313432
0.125880082510928	0.722764040410182
-0.0323247417552673	0.130323067028948
0.0357908507329057	0.14935459421245
-0.0154144612121436	0.0574117172391888
-0.120176507330815	0.668128491222672
0.21623216752688	1.50119339051712
0.0930949090915863	0.476489251137106
0.05600831167219	0.208698948440739
-0.075622597773551	0.33486751469895
0.230748957307523	1.79622035159252
-0.0213914915009415	0.0844530131927748
-0.0259078346106729	0.103889333129863
0.100748782774964	0.494889076702967
0.102439645613089	0.546791621537941
0.059187423982627	0.268392867290802
0.052644100192056	0.223571157049472
-0.168135172142262	1.08195727924375
-0.00414354476559347	0.0149848583103123
-0.0541077531815818	0.233746812562202
-0.0263128910908361	0.104328500757845
-0.0038804176103777	0.0136761667763808
0.0190439322840438	0.0734718416717185
0.154795070412719	0.955405711642006
-0.0333194994251391	0.137463311714113
0.0149443202028773	0.0534828535909326
-0.00265633612231302	0.00939003233231112
0.0909068775445281	0.466008221354593
0.0151908457713001	0.0584627559420101
0.0361778057753646	0.150139607759465
0.104359857468956	0.524563705035601
-0.0235203291737974	0.0934252013492065
-0.100768982665574	0.532359356579074
0.0226186872811388	0.0844527243996522
0.00741252488468322	0.0265013123254641
0.139482746942162	0.808277566345372
0.0387896978269518	0.156861965985913
-0.0652791672130495	0.299614097055576
0.0223124149872186	0.0849948147118037
-0.027473414071212	0.110360408875008
0.0137065361806082	0.0522519671612359
0.0259048462283631	0.103941796327481
0.181952769412726	1.14204791701497
0.114560231250065	0.620784631779061
-0.0836682789584093	0.41707068578292
0.0744653076581076	0.357920310701023
-0.0076417847945661	0.0280948926772531
0.0711088587062778	0.315232984919327
0.0751580094040794	0.361963693033165
-0.0101424454336214	0.0381998589246957
0.033286571201045	0.127099280968844
0.0969048404653046	0.482064553765014
0.0586373595258486	0.25786531108928
0.103555777660791	0.523604602941081
-0.0649463809227791	0.294651375562667
0.0638900130117129	0.279676717221447
-0.0407128163704624	0.171655605040641
0.111473493619452	0.573581567469235
0.0778231325477138	0.370817390211705
-0.0566526892020524	0.256109586026464
-0.0541394676632007	0.239728977617291
0.0473807024511062	0.202433140427636
-0.100457072423627	0.504726330134293
0.0971773102891952	0.489178180209076
0.0201680501125784	0.0751467470986794
0.0204662588398663	0.0779363699618305
-0.0973215802481498	0.469539922286592
-0.058051391237257	0.257520941471313
0.0693642682415839	0.320283031372979
0.0611124530012815	0.267401716257831
0.0557424410607949	0.234412849085822
0.0179022173526189	0.067004561311574
0.100078889466762	0.499471203151921
0.0516902880051613	0.220826992680468
-0.0444074448449466	0.191752337950097
0.0299584848987806	0.118672089543391
0.137916854073504	0.81312804822729
0.0458177238227025	0.199030408604894
-0.169064277856414	1.10388899733895
0.00167770598561667	0.00610020345786465
0.0832735268034331	0.409462468174601
0.0339122413874988	0.138530133619113
0.0579261022270196	0.253917278818815
0.00258877505586051	0.00938402319680068
0.0266010176619257	0.106134811440201
0.0527754093224436	0.226551652200217
-0.139529567250966	0.80096629937919
0.0470160399283744	0.197126916922068
0.0151408956956425	0.0555639040415444
0.0668699558529461	0.303470485531291
-0.0397032532663429	0.163043914677826
-0.0733788490299629	0.339748622094482
0.0538085067467273	0.234746729213163
-0.0408613169409387	0.17278359583508
-0.0541690705894947	0.23732978625867
-0.052599750839507	0.23426942113592
-0.0299148469975072	0.114101948893591
0.0000550576054311308	0.000193303392327557
-0.0478627043789719	0.207680466363607
0.0631291673730702	0.288598650965066
-0.0656354719666331	0.297274836568532
0.0604943563293102	0.269243245864908
-0.063421104815358	0.287509974009548
0.0752932924858376	0.349346871816169
-0.0780990555458929	0.374282878939707
-0.0683173110588204	0.314020731925158
-0.0717327391367397	0.33863003417419
0.0262553473388549	0.102770357991079
0.141928918443734	0.825150829906834
0.15555650458213	0.932399935138305
0.0462862586002529	0.20054287149963
0.0682683928407627	0.316733307676596
-0.0629416338793893	0.279505917925077
0.0638312737866362	0.292640642723425
0.103342699425502	0.544992093618908
-0.083387310837003	0.412353553600712
0.0370664078626918	0.155838570835891
-0.0400779309016234	0.158256943888074
-0.0459372590858658	0.191430227205609
0.0399990148862451	0.162165567095793
-0.0896483728016566	0.43157797297249
-0.106349888039721	0.536471694746731
0.0814209987024316	0.387825003701812
0.107406732376086	0.54931288583645
0.00259373922128847	0.00920220430304656
0.0193829891603061	0.0729718296069658
-0.0451242903621114	0.190495415602534
0.0221577021281026	0.0878341734883412
0.018247999345746	0.0703819008070408
-0.0758095418858831	0.360934668248794
0.0642974443592647	0.292605370380514
-0.240264204121934	1.89347877181537
-0.0577311446200282	0.260766382909977
0.0808079004166509	0.392292568715876
0.0116788021361752	0.0440428626374947
-0.0257846862884259	0.102890649384994
-0.00752139988054312	0.0280658240024332
-0.0286097299118418	0.114324587271006
0.0796917708720628	0.374426923590225
-0.0126608122534927	0.048182399413625
0.04402983820689	0.185704477145804
0.134575411793058	0.771194308687936
-0.188032385477436	1.23933439771201
0.145075499488341	0.889559680320394
-0.00202842058382929	0.0073228556417059
0.0117477544568731	0.0432271185535732
-0.0267695935468806	0.106890122691849
-0.00857237886376939	0.0313178825829106
0.0761839072989098	0.365283433154708
0.0827332829455007	0.41161468491066
0.00223340776389038	0.00800698915952384
-0.160409956429451	1.01980409907612
-0.00811589128974859	0.0300620896541163
0.0175303035317288	0.0667033896750275
-0.0476169841849957	0.204067531062868
0.06995063375172	0.332605091574536
0.0393225318559933	0.166390241433407
0.0129491952559959	0.0487575894586153
-0.0318899673262398	0.131274166427467
0.0363366423613578	0.151375233781376
-0.0438639140764223	0.189034835085717
0.0696720472813065	0.327193984502078
-0.0253600470659311	0.0952621429806042
-0.0364801601113493	0.116585611631149
-0.0597792434515374	0.258138657394127
0.0070953127753822	0.025199787739964
-0.0948449597556829	0.467642864668471
0.0604412717676396	0.200254068329194
0.108418477083597	0.584465078378297
-0.0681954898823764	0.321424292706838
-0.233812683623355	1.72208723067498
-0.0708836788205209	0.33600940554399
-0.154874231250414	0.881730192751192
-0.068234699413521	0.253755992755061
-0.0161388724289551	0.062403932587044
-0.260000540462343	1.87010247302309
-0.00960224237580523	0.0358853315707009
-0.0311033782927141	0.127539408969285
0.076153919725207	0.367271964305036
0.0939635665622935	0.43835892189133
-0.0270113403521694	0.104582412605613
0.0518771445029276	0.227786809153017
-0.0616954097474276	0.278539405500535
-0.104862401466267	0.557664439018768
0.107425014560557	0.563238902219076
0.0362668279701208	0.134709625510371
-0.276062254088517	2.07686070215157
0.130597009931522	0.534676884282392
0.101728908203527	0.480830991140705
0.104860563271584	0.499061264144228
-0.0794748665595459	0.350698829628805
0.126809696119511	0.516188178940385
0.176797603981462	1.07432176188088
0.022195871427934	0.08767846974733
-0.0230880219376602	0.0865582925415986
-0.0682812975967931	0.313598875559706
-0.144520483818073	0.739005231259065
0.138869617170858	0.615853005151874
-0.000459690482325524	0.00164087679104579
0.148011639129874	0.787477209109395
0.205388578908685	1.45053694185361
0.0850063282570217	0.4079414879201
0.00336340603810028	0.0119186174193793
-0.156758724120935	0.725086611262786
-0.0453809666437423	0.192382421800947
0.0478476550624852	0.208684210751676
-0.0160551592212147	0.060363559645814
-0.114069193802127	0.623340796531342
0.291816171476584	2.36034406298612
0.0485400694989821	0.171241601234714
0.0190948264337587	0.0738595276362995
0.031489678867076	0.127301107796471
0.0913764860182712	0.469469641357728
-0.0113932936247875	0.043228572176209
0.0434178364933217	0.186761257043773
-0.2021002725807	1.36546398649128
0.104791086328221	0.561234554790633
0.0601284249140202	0.275872997061247
-0.0690544211122955	0.326064125751667
0.123321011295234	0.704506881873313
0.0302866417352302	0.122072768839009
-0.16105393427102	0.901503539175726
0.0257313092948629	0.0999368104445431
-0.0174533145147555	0.0678353321942228
0.0645622260206061	0.2967141150703
-0.111192122205882	0.600310378321383
0.0203940668060226	0.0788585778884864
-0.167659967115526	1.0712887477471
-0.0753571634926921	0.363763921162923
0.100897332375795	0.526228224634595
-0.0210070129569502	0.0828258240325867
-0.0640457738725912	0.296672202007721
0.0311671945433481	0.127794681787372
-0.062490768632516	0.268657519288879
-0.0089341509057002	0.0331901098801008
0.0726432312101609	0.329675102208983
-0.0223132396559645	0.084287749878647
-0.0646305628506989	0.296523781690084
-0.0163793348729233	0.0629197195770775
-0.097743448920476	0.510584584495852
-0.069745288711341	0.328795021950131
-0.0666708197904603	0.311225695247226
-0.000625015584568817	0.00226000171805249
-0.038351552054474	0.160994454954759
-0.0234727599049016	0.0883191967444878
0.0283974205814728	0.114988457464351
0.0158569131391265	0.0603793700668846
-0.000263161286589881	0.000928255544005303
0.0774231644788186	0.373178940080084
-0.00808577979125318	0.0295203531822865
0.107563011349682	0.583953811243175
0.136424453981798	0.80717704585357
0.0272809786850716	0.108354906480626
0.0291676327219273	0.118788622431826
-0.0151382828182237	0.0562158026867891
-0.0320334816408537	0.131391612574613
0.0401090902227327	0.170642825858815
-0.164207897246617	0.952179260903162
-0.0481109116360344	0.210127687500759
